player_id,snapshot_week,sport,school,conference,ppg,apg,rpg,injury_flag,games_played,program_tier,nil_valuation,nil_tier
P001,1,football,Ohio State,Big Ten,26.6,2.0,1.2,0,1,2,84490.26,2
P001,2,football,Ohio State,Big Ten,26.8,0.6,1.2,0,2,2,151519.34,2
P001,3,football,Ohio State,Big Ten,24.5,0.4,1.2,0,3,2,289136.8,3
P001,4,football,Ohio State,Big Ten,23.3,0.9,2.2,1,3,2,236442.74,3
P001,5,football,Ohio State,Big Ten,35.8,1.9,2.1,0,4,2,346740.55,3
P001,6,football,Ohio State,Big Ten,27.9,1.9,0.6,0,5,2,492041.1,3
P001,7,football,Ohio State,Big Ten,31.3,1.9,0.8,0,6,2,733578.25,4
P001,8,football,Ohio State,Big Ten,22.9,1.6,0.0,0,7,2,729825.76,4
P001,9,football,Ohio State,Big Ten,18.3,1.9,2.7,1,7,2,365328.91,3
P001,10,football,Ohio State,Big Ten,19.0,1.6,2.8,0,8,2,494218.35,3
P002,1,basketball,Georgia,SEC,16.6,7.6,7.0,0,1,3,28249.44,1
P002,2,basketball,Georgia,SEC,15.0,7.6,6.3,0,2,3,47462.97,1
P002,3,basketball,Georgia,SEC,23.1,6.9,4.7,0,3,3,70640.17,2
P002,4,basketball,Georgia,SEC,14.9,6.9,7.1,0,4,3,77404.47,2
P002,5,basketball,Georgia,SEC,26.8,7.8,6.4,0,5,3,133625.88,2
P002,6,basketball,Georgia,SEC,14.7,6.4,6.5,1,5,3,82582.27,2
P002,7,basketball,Georgia,SEC,20.8,7.0,5.9,0,6,3,200412.22,3
P002,8,basketball,Georgia,SEC,22.2,7.2,6.5,0,7,3,164563.2,2
P002,9,basketball,Georgia,SEC,22.1,6.6,5.2,1,7,3,142435.52,2
P002,10,basketball,Georgia,SEC,22.3,7.3,6.2,0,8,3,187272.6,2
P003,1,football,Michigan,Big Ten,25.3,1.2,1.3,0,1,3,31258.87,1
P003,2,football,Michigan,Big Ten,21.5,0.5,1.7,0,2,3,46975.37,1
P003,3,football,Michigan,Big Ten,24.9,0.0,2.7,0,3,3,129738.01,2
P003,4,football,Michigan,Big Ten,17.8,0.1,1.9,0,4,3,146412.63,2
P003,5,football,Michigan,Big Ten,22.8,0.7,3.5,0,5,3,127529.9,2
P003,6,football,Michigan,Big Ten,36.6,0.6,3.0,0,6,3,230051.09,3
P003,7,football,Michigan,Big Ten,30.7,1.1,2.4,1,6,3,124131.6,2
P003,8,football,Michigan,Big Ten,30.7,1.4,2.7,0,7,3,225669.88,3
P003,9,football,Michigan,Big Ten,29.6,0.0,3.0,0,8,3,327683.09,3
P003,10,football,Michigan,Big Ten,30.4,0.4,1.4,0,9,3,292518.71,3
P004,1,basketball,USC,Big 12,20.7,5.8,6.5,0,1,4,7758.93,1
P004,2,basketball,USC,Big 12,15.5,6.7,6.3,1,1,4,6944.98,1
P004,3,basketball,USC,Big 12,21.3,6.2,7.3,0,2,4,21547.49,1
P004,4,basketball,USC,Big 12,19.3,5.8,6.7,0,3,4,19907.52,1
P004,5,basketball,USC,Big 12,23.2,7.0,6.6,0,4,4,41439.87,1
P004,6,basketball,USC,Big 12,21.6,6.0,7.0,0,5,4,55811.22,2
P004,7,basketball,USC,Big 12,22.8,7.2,6.5,0,6,4,61831.75,2
P004,8,basketball,USC,Big 12,27.2,6.8,5.8,0,7,4,51517.26,2
P004,9,basketball,USC,Big 12,20.9,5.6,6.9,0,8,4,52133.47,2
P004,10,basketball,USC,Big 12,9.8,7.0,6.6,0,9,4,52455.31,2
P005,1,football,Texas,SEC,9.8,0.5,1.6,0,1,3,29326.32,1
P005,2,football,Texas,SEC,7.6,0.0,1.5,1,1,3,20988.23,1
P005,3,football,Texas,SEC,6.6,0.9,1.3,0,2,3,47471.6,1
P005,4,football,Texas,SEC,7.5,0.0,2.5,0,3,3,80557.22,2
P005,5,football,Texas,SEC,5.1,1.0,0.9,0,4,3,63866.64,2
P005,6,football,Texas,SEC,2.9,0.3,2.4,0,5,3,79927.09,2
P005,7,football,Texas,SEC,5.1,0.1,0.0,0,6,3,142721.13,2
P005,8,football,Texas,SEC,1.9,0.8,0.2,0,7,3,169365.59,2
P005,9,football,Texas,SEC,8.8,0.1,2.2,0,8,3,183012.77,2
P005,10,football,Texas,SEC,9.6,1.2,0.0,0,9,3,209688.76,3
P006,1,basketball,Oregon,Big Ten,11.8,6.5,0.9,0,1,1,125604.81,2
P006,2,basketball,Oregon,Big Ten,15.5,7.2,0.4,0,2,1,299758.08,3
P006,3,basketball,Oregon,Big Ten,14.1,5.9,0.0,0,3,1,336979.08,3
P006,4,basketball,Oregon,Big Ten,15.4,7.4,2.1,0,4,1,625508.45,4
P006,5,basketball,Oregon,Big Ten,14.9,6.6,2.2,0,5,1,589205.26,4
P006,6,basketball,Oregon,Big Ten,9.4,6.8,1.4,0,6,1,642226.41,4
P006,7,basketball,Oregon,Big Ten,12.5,7.4,0.1,0,7,1,971806.05,4
P006,8,basketball,Oregon,Big Ten,17.5,6.4,1.3,0,8,1,1299945.5,5
P006,9,basketball,Oregon,Big Ten,10.5,7.1,2.6,0,9,1,777968.43,4
P006,10,basketball,Oregon,Big Ten,16.5,7.0,0.0,0,10,1,1633622.52,5
P007,1,football,LSU,SEC,19.4,1.5,0.0,0,1,4,7742.65,1
P007,2,football,LSU,SEC,20.8,0.9,0.0,0,2,4,22341.68,1
P007,3,football,LSU,SEC,24.5,0.3,0.0,0,3,4,24747.9,1
P007,4,football,LSU,SEC,30.0,0.9,0.3,1,3,4,27291.64,1
P007,5,football,LSU,SEC,35.4,1.0,0.0,0,4,4,57551.79,2
P007,6,football,LSU,SEC,35.0,1.8,0.0,0,5,4,56124.29,2
P007,7,football,LSU,SEC,26.0,0.0,0.0,0,6,4,78007.98,2
P007,8,football,LSU,SEC,17.9,0.1,2.1,0,7,4,85137.8,2
P007,9,football,LSU,SEC,13.3,0.6,0.5,0,8,4,92307.83,2
P007,10,football,LSU,SEC,33.4,0.7,1.5,0,9,4,104331.31,2
P008,1,basketball,Clemson,ACC,27.1,6.2,4.3,0,1,3,31974.51,1
P008,2,basketball,Clemson,ACC,27.2,6.5,5.3,0,2,3,72159.99,2
P008,3,basketball,Clemson,ACC,28.7,7.4,3.9,0,3,3,73123.63,2
P008,4,basketball,Clemson,ACC,23.1,7.6,2.8,0,4,3,80538.1,2
P008,5,basketball,Clemson,ACC,27.5,6.0,5.2,0,5,3,185830.14,2
P008,6,basketball,Clemson,ACC,29.0,6.9,5.3,0,6,3,233495.08,3
P008,7,basketball,Clemson,ACC,18.2,6.9,4.5,0,7,3,172968.04,2
P008,8,basketball,Clemson,ACC,39.1,6.8,2.4,1,7,3,140156.94,2
P008,9,basketball,Clemson,ACC,20.0,6.3,4.2,0,8,3,257846.94,3
P008,10,basketball,Clemson,ACC,27.9,7.1,3.2,0,9,3,209144.94,3
P009,1,football,Penn State,Big Ten,15.6,0.4,1.6,0,1,1,186065.9,2
P009,2,football,Penn State,Big Ten,20.2,0.4,0.9,0,2,1,385062.01,3
P009,3,football,Penn State,Big Ten,13.3,0.0,3.5,0,3,1,426983.15,3
P009,4,football,Penn State,Big Ten,17.9,0.7,1.4,0,4,1,655857.27,4
P009,5,football,Penn State,Big Ten,15.8,0.0,0.3,0,5,1,558822.23,4
P009,6,football,Penn State,Big Ten,13.0,0.1,0.0,0,6,1,1061021.77,5
P009,7,football,Penn State,Big Ten,20.7,0.7,0.2,0,7,1,1251016.49,5
P009,8,football,Penn State,Big Ten,21.4,0.0,0.9,0,8,1,1274638.64,5
P009,9,football,Penn State,Big Ten,16.5,0.9,1.1,0,9,1,1087095.23,5
P009,10,football,Penn State,Big Ten,11.2,0.1,0.6,0,10,1,1212943.93,5
P010,1,basketball,Florida State,ACC,28.0,1.5,5.6,0,1,2,65964.27,2
P010,2,basketball,Florida State,ACC,29.8,1.7,3.7,0,2,2,137568.0,2
P010,3,basketball,Florida State,ACC,28.0,1.5,2.6,0,3,2,190069.26,2
P010,4,basketball,Florida State,ACC,32.1,0.5,5.3,0,4,2,258760.4,3
P010,5,basketball,Florida State,ACC,24.3,1.0,6.1,0,5,2,436714.14,3
P010,6,basketball,Florida State,ACC,27.2,0.9,6.0,0,6,2,608088.24,4
P010,7,basketball,Florida State,ACC,20.7,1.4,5.5,0,7,2,373423.68,3
P010,8,basketball,Florida State,ACC,40.2,1.5,5.7,0,8,2,634778.45,4
P010,9,basketball,Florida State,ACC,19.7,1.6,6.4,0,9,2,575203.37,4
P010,10,basketball,Florida State,ACC,47.7,1.1,3.3,0,10,2,963935.64,4
P011,1,football,Oklahoma,SEC,18.3,0.5,1.8,0,1,3,32680.57,1
P011,2,football,Oklahoma,SEC,16.9,0.6,2.3,0,2,3,60252.66,2
P011,3,football,Oklahoma,SEC,18.9,0.7,1.6,0,3,3,67754.59,2
P011,4,football,Oklahoma,SEC,16.5,0.7,3.0,0,4,3,138763.71,2
P011,5,football,Oklahoma,SEC,16.2,0.2,2.3,0,5,3,163781.79,2
P011,6,football,Oklahoma,SEC,18.8,0.7,4.6,0,6,3,168100.43,2
P011,7,football,Oklahoma,SEC,13.8,0.9,1.8,0,7,3,155051.52,2
P011,8,football,Oklahoma,SEC,15.4,1.7,2.8,1,7,3,169898.98,2
P011,9,football,Oklahoma,SEC,30.7,0.8,2.9,0,8,3,319456.51,3
P011,10,football,Oklahoma,SEC,22.2,1.3,2.2,0,9,3,368153.3,3
P012,1,basketball,Tennessee,SEC,25.6,2.7,11.7,0,1,4,7251.31,1
P012,2,basketball,Tennessee,SEC,22.0,0.6,12.0,0,2,4,16594.99,1
P012,3,basketball,Tennessee,SEC,27.8,0.7,10.9,0,3,4,24111.14,1
P012,4,basketball,Tennessee,SEC,16.3,1.4,10.9,0,4,4,34837.16,1
P012,5,basketball,Tennessee,SEC,19.8,0.9,11.6,0,5,4,34840.82,1
P012,6,basketball,Tennessee,SEC,30.0,1.5,11.1,0,6,4,77342.89,2
P012,7,basketball,Tennessee,SEC,20.3,2.7,10.0,1,6,4,42773.03,1
P012,8,basketball,Tennessee,SEC,20.7,2.0,12.4,0,7,4,50847.04,2
P012,9,basketball,Tennessee,SEC,33.7,1.4,11.7,0,8,4,96535.37,2
P012,10,basketball,Tennessee,SEC,26.9,2.1,11.9,1,8,4,43168.36,1
P013,1,football,Notre Dame,Independent,10.4,0.8,0.9,0,1,3,27894.32,1
P013,2,football,Notre Dame,Independent,9.2,1.6,0.4,1,1,3,13188.22,1
P013,3,football,Notre Dame,Independent,5.1,2.2,0.0,0,2,3,46560.02,1
P013,4,football,Notre Dame,Independent,6.9,0.7,2.5,0,3,3,67235.57,2
P013,5,football,Notre Dame,Independent,10.5,1.3,0.4,1,3,3,46517.87,1
P013,6,football,Notre Dame,Independent,12.9,0.6,1.5,0,4,3,128840.49,2
P013,7,football,Notre Dame,Independent,11.5,1.4,0.0,0,5,3,142036.2,2
P013,8,football,Notre Dame,Independent,14.4,1.4,1.7,0,6,3,183767.03,2
P013,9,football,Notre Dame,Independent,6.6,1.7,1.1,1,6,3,78292.27,2
P013,10,football,Notre Dame,Independent,8.6,1.4,0.0,0,7,3,159255.23,2
P014,1,basketball,Miami,ACC,9.6,4.8,6.4,0,1,3,15204.98,1
P014,2,basketball,Miami,ACC,10.3,4.8,8.8,0,2,3,48873.02,1
P014,3,basketball,Miami,ACC,10.4,4.8,5.9,0,3,3,70408.05,2
P014,4,basketball,Miami,ACC,13.6,4.5,6.9,0,4,3,96188.75,2
P014,5,basketball,Miami,ACC,13.6,4.1,6.0,0,5,3,138831.29,2
P014,6,basketball,Miami,ACC,16.2,5.3,7.1,0,6,3,144531.42,2
P014,7,basketball,Miami,ACC,11.0,5.2,6.4,1,6,3,100585.28,2
P014,8,basketball,Miami,ACC,10.7,5.1,6.3,0,7,3,177600.6,2
P014,9,basketball,Miami,ACC,7.1,4.0,6.7,0,8,3,118089.79,2
P014,10,basketball,Miami,ACC,19.1,4.3,6.0,0,9,3,270759.49,3
P015,1,football,UCLA,Big Ten,20.4,1.8,3.1,0,1,2,83764.59,2
P015,2,football,UCLA,Big Ten,19.3,1.5,3.3,0,2,2,187959.11,2
P015,3,football,UCLA,Big Ten,17.7,1.4,0.8,0,3,2,177471.43,2
P015,4,football,UCLA,Big Ten,13.6,1.8,2.1,0,4,2,323031.09,3
P015,5,football,UCLA,Big Ten,17.0,1.4,4.2,0,5,2,505249.67,4
P015,6,football,UCLA,Big Ten,15.8,1.9,2.3,0,6,2,464543.28,3
P015,7,football,UCLA,Big Ten,15.6,1.5,2.4,0,7,2,401145.48,3
P015,8,football,UCLA,Big Ten,29.9,2.5,1.3,0,8,2,646264.45,4
P015,9,football,UCLA,Big Ten,27.8,1.4,4.2,0,9,2,669586.93,4
P015,10,football,UCLA,Big Ten,33.7,1.5,1.5,0,10,2,1348754.67,5
P016,1,basketball,Washington,Big Ten,18.3,1.6,4.5,0,1,3,19291.35,1
P016,2,basketball,Washington,Big Ten,15.9,1.3,5.5,0,2,3,50716.78,2
P016,3,basketball,Washington,Big Ten,23.1,1.8,4.4,0,3,3,72470.22,2
P016,4,basketball,Washington,Big Ten,23.4,1.7,6.3,0,4,3,123660.63,2
P016,5,basketball,Washington,Big Ten,21.4,0.8,6.0,0,5,3,163504.34,2
P016,6,basketball,Washington,Big Ten,12.4,1.2,6.7,0,6,3,157967.44,2
P016,7,basketball,Washington,Big Ten,23.2,1.0,5.5,0,7,3,208697.36,3
P016,8,basketball,Washington,Big Ten,25.9,1.5,6.1,0,8,3,182094.52,2
P016,9,basketball,Washington,Big Ten,29.8,1.4,5.5,0,9,3,303856.41,3
P016,10,basketball,Washington,Big Ten,29.4,1.2,6.6,1,9,3,205521.71,3
P017,1,football,Duke,ACC,21.5,0.0,2.5,0,1,2,95565.97,2
P017,2,football,Duke,ACC,15.5,0.0,0.4,0,2,2,178704.5,2
P017,3,football,Duke,ACC,23.8,0.7,2.4,0,3,2,258949.02,3
P017,4,football,Duke,ACC,19.5,0.0,1.9,0,4,2,315615.75,3
P017,5,football,Duke,ACC,24.2,0.0,2.7,0,5,2,550523.21,4
P017,6,football,Duke,ACC,20.2,0.3,3.1,0,6,2,605163.5,4
P017,7,football,Duke,ACC,24.0,0.3,3.9,0,7,2,496138.43,3
P017,8,football,Duke,ACC,15.1,0.0,4.4,0,8,2,602720.42,4
P017,9,football,Duke,ACC,8.9,0.4,2.0,0,9,2,423701.34,3
P017,10,football,Duke,ACC,13.4,0.0,0.2,0,10,2,643027.83,4
P018,1,basketball,Kentucky,SEC,6.7,5.3,2.1,0,1,3,19898.49,1
P018,2,basketball,Kentucky,SEC,5.8,3.1,1.9,1,1,3,9974.83,1
P018,3,basketball,Kentucky,SEC,4.6,4.2,1.1,0,2,3,42540.21,1
P018,4,basketball,Kentucky,SEC,8.1,4.6,2.2,0,3,3,72809.97,2
P018,5,basketball,Kentucky,SEC,5.9,3.8,3.2,0,4,3,57274.67,2
P018,6,basketball,Kentucky,SEC,10.9,4.2,4.2,0,5,3,121565.87,2
P018,7,basketball,Kentucky,SEC,2.9,3.6,1.6,0,6,3,113044.09,2
P018,8,basketball,Kentucky,SEC,10.1,4.3,2.2,0,7,3,162400.93,2
P018,9,basketball,Kentucky,SEC,4.0,4.6,2.0,0,8,3,162559.78,2
P018,10,basketball,Kentucky,SEC,3.8,3.4,2.4,0,9,3,180122.46,2
P019,1,football,Kansas,Big 12,26.3,1.9,1.8,0,1,3,40220.99,1
P019,2,football,Kansas,Big 12,20.9,2.0,1.5,0,2,3,54548.12,2
P019,3,football,Kansas,Big 12,31.5,1.7,0.0,0,3,3,112561.42,2
P019,4,football,Kansas,Big 12,26.7,2.4,0.0,0,4,3,133959.18,2
P019,5,football,Kansas,Big 12,36.2,1.2,2.4,0,5,3,264673.7,3
P019,6,football,Kansas,Big 12,25.0,1.8,0.0,0,6,3,247089.26,3
P019,7,football,Kansas,Big 12,27.4,1.1,0.4,0,7,3,186253.91,2
P019,8,football,Kansas,Big 12,35.3,1.6,3.3,0,8,3,386650.72,3
P019,9,football,Kansas,Big 12,30.4,2.0,0.9,1,8,3,216795.3,3
P019,10,football,Kansas,Big 12,42.0,2.2,1.2,0,9,3,409871.93,3
P020,1,basketball,Alabama,SEC,17.0,3.7,9.0,0,1,3,31310.63,1
P020,2,basketball,Alabama,SEC,14.3,5.1,8.1,0,2,3,55548.32,2
P020,3,basketball,Alabama,SEC,21.0,4.2,10.3,0,3,3,97211.03,2
P020,4,basketball,Alabama,SEC,20.7,4.8,9.0,0,4,3,115671.67,2
P020,5,basketball,Alabama,SEC,11.5,4.7,8.1,0,5,3,113180.36,2
P020,6,basketball,Alabama,SEC,21.0,4.6,9.5,0,6,3,184811.94,2
P020,7,basketball,Alabama,SEC,20.7,4.8,8.1,0,7,3,191219.58,2
P020,8,basketball,Alabama,SEC,8.0,3.4,9.9,0,8,3,155017.24,2
P020,9,basketball,Alabama,SEC,12.3,3.5,7.7,1,8,3,131600.91,2
P020,10,basketball,Alabama,SEC,21.7,5.3,9.3,0,9,3,241366.32,3
P021,1,football,Ohio State,Big Ten,17.8,1.1,1.9,0,1,1,202552.12,3
P021,2,football,Ohio State,Big Ten,12.8,1.1,1.5,0,2,1,357596.64,3
P021,3,football,Ohio State,Big Ten,10.8,1.0,1.2,0,3,1,361110.56,3
P021,4,football,Ohio State,Big Ten,10.4,0.9,2.6,0,4,1,577657.64,4
P021,5,football,Ohio State,Big Ten,14.4,0.0,1.1,0,5,1,610286.36,4
P021,6,football,Ohio State,Big Ten,13.9,0.5,1.5,0,6,1,762584.77,4
P021,7,football,Ohio State,Big Ten,22.4,0.7,0.6,0,7,1,1550509.23,5
P021,8,football,Ohio State,Big Ten,15.9,0.8,1.2,0,8,1,1030231.53,5
P021,9,football,Ohio State,Big Ten,18.6,0.6,0.9,0,9,1,1703514.35,5
P021,10,football,Ohio State,Big Ten,12.5,0.6,2.4,0,10,1,1098403.04,5
P022,1,basketball,Georgia,SEC,13.0,6.6,12.1,0,1,3,19099.86,1
P022,2,basketball,Georgia,SEC,8.7,7.3,9.7,0,2,3,45690.29,1
P022,3,basketball,Georgia,SEC,13.2,6.2,10.0,0,3,3,59268.59,2
P022,4,basketball,Georgia,SEC,6.3,5.5,9.8,1,3,3,40450.14,1
P022,5,basketball,Georgia,SEC,4.6,5.7,11.2,0,4,3,88415.16,2
P022,6,basketball,Georgia,SEC,6.7,6.2,11.7,0,5,3,105297.9,2
P022,7,basketball,Georgia,SEC,7.8,5.9,12.2,1,5,3,72009.81,2
P022,8,basketball,Georgia,SEC,15.2,5.6,10.7,0,6,3,138416.74,2
P022,9,basketball,Georgia,SEC,9.9,6.7,9.3,0,7,3,182381.47,2
P022,10,basketball,Georgia,SEC,5.0,5.9,11.7,0,8,3,157162.96,2
P023,1,football,Michigan,Big Ten,21.4,0.0,1.8,0,1,1,177964.49,2
P023,2,football,Michigan,Big Ten,21.4,0.0,0.3,0,2,1,348729.36,3
P023,3,football,Michigan,Big Ten,27.5,0.3,2.1,0,3,1,452852.5,3
P023,4,football,Michigan,Big Ten,28.3,0.7,2.2,0,4,1,921070.49,4
P023,5,football,Michigan,Big Ten,27.3,0.1,1.3,0,5,1,877250.62,4
P023,6,football,Michigan,Big Ten,32.0,0.8,3.0,0,6,1,1507944.65,5
P023,7,football,Michigan,Big Ten,38.3,0.1,1.8,0,7,1,1512426.63,5
P023,8,football,Michigan,Big Ten,17.9,0.0,2.3,1,7,1,624055.03,4
P023,9,football,Michigan,Big Ten,38.5,0.3,0.7,0,8,1,1778378.19,5
P023,10,football,Michigan,Big Ten,13.0,0.0,3.1,0,9,1,1410794.34,5
P024,1,basketball,USC,Big 12,33.0,0.7,8.2,0,1,1,156656.56,2
P024,2,basketball,USC,Big 12,25.0,1.0,8.8,0,2,1,328576.4,3
P024,3,basketball,USC,Big 12,27.0,1.2,10.9,0,3,1,378000.38,3
P024,4,basketball,USC,Big 12,32.4,0.8,7.5,0,4,1,792510.17,4
P024,5,basketball,USC,Big 12,31.2,0.9,8.5,0,5,1,621902.07,4
P024,6,basketball,USC,Big 12,24.1,1.1,7.2,1,5,1,451567.72,3
P024,7,basketball,USC,Big 12,43.3,0.4,8.6,0,6,1,1198524.34,5
P024,8,basketball,USC,Big 12,41.2,0.5,8.2,0,7,1,1375594.4,5
P024,9,basketball,USC,Big 12,25.8,0.5,6.4,0,8,1,1530720.03,5
P024,10,basketball,USC,Big 12,47.2,1.5,8.0,0,9,1,2325294.17,5
P025,1,football,Texas,SEC,27.2,1.3,1.3,0,1,1,153807.01,2
P025,2,football,Texas,SEC,28.4,1.9,2.0,1,1,1,104836.48,2
P025,3,football,Texas,SEC,27.5,1.6,0.9,0,2,1,421777.36,3
P025,4,football,Texas,SEC,20.4,1.5,2.6,0,3,1,369073.44,3
P025,5,football,Texas,SEC,21.9,1.6,0.7,0,4,1,743300.45,4
P025,6,football,Texas,SEC,32.6,1.2,4.1,1,4,1,746202.22,4
P025,7,football,Texas,SEC,38.4,1.8,2.7,0,5,1,904271.99,4
P025,8,football,Texas,SEC,25.7,0.4,0.0,0,6,1,1195094.64,5
P025,9,football,Texas,SEC,41.6,0.8,2.1,0,7,1,1477838.54,5
P025,10,football,Texas,SEC,39.8,0.8,2.2,0,8,1,1835097.28,5
P026,1,basketball,Oregon,Big Ten,23.1,1.8,6.9,0,1,3,32957.67,1
P026,2,basketball,Oregon,Big Ten,21.7,1.8,7.3,0,2,3,54517.41,2
P026,3,basketball,Oregon,Big Ten,22.8,2.7,7.6,0,3,3,89660.19,2
P026,4,basketball,Oregon,Big Ten,23.7,1.2,6.8,0,4,3,93782.56,2
P026,5,basketball,Oregon,Big Ten,20.6,2.2,8.4,0,5,3,121889.5,2
P026,6,basketball,Oregon,Big Ten,26.1,1.8,6.2,0,6,3,163319.66,2
P026,7,basketball,Oregon,Big Ten,20.3,1.6,6.2,0,7,3,237438.91,3
P026,8,basketball,Oregon,Big Ten,23.2,1.6,7.2,0,8,3,212303.24,3
P026,9,basketball,Oregon,Big Ten,29.3,2.4,6.4,0,9,3,294154.47,3
P026,10,basketball,Oregon,Big Ten,21.5,1.9,8.5,0,10,3,286252.7,3
P027,1,football,LSU,SEC,26.1,0.2,3.4,0,1,3,34131.57,1
P027,2,football,LSU,SEC,23.4,0.2,0.6,0,2,3,56572.63,2
P027,3,football,LSU,SEC,25.9,0.8,4.3,0,3,3,82540.34,2
P027,4,football,LSU,SEC,21.7,0.4,3.6,0,4,3,136740.45,2
P027,5,football,LSU,SEC,17.6,0.0,1.9,0,5,3,132789.74,2
P027,6,football,LSU,SEC,35.3,0.3,0.9,0,6,3,294867.26,3
P027,7,football,LSU,SEC,18.9,1.2,1.4,0,7,3,243650.97,3
P027,8,football,LSU,SEC,26.1,1.4,2.0,0,8,3,227823.9,3
P027,9,football,LSU,SEC,30.5,0.3,2.8,1,8,3,159451.52,2
P027,10,football,LSU,SEC,20.6,0.1,1.6,0,9,3,245970.88,3
P028,1,basketball,Clemson,ACC,20.2,1.0,5.2,0,1,2,64168.07,2
P028,2,basketball,Clemson,ACC,26.1,1.2,4.8,0,2,2,200142.55,3
P028,3,basketball,Clemson,ACC,20.7,0.4,6.9,0,3,2,208403.59,3
P028,4,basketball,Clemson,ACC,26.6,1.6,5.6,0,4,2,328152.0,3
P028,5,basketball,Clemson,ACC,23.3,0.8,6.5,0,5,2,382427.51,3
P028,6,basketball,Clemson,ACC,15.3,0.0,6.8,0,6,2,361480.01,3
P028,7,basketball,Clemson,ACC,30.2,0.6,6.4,0,7,2,693418.38,4
P028,8,basketball,Clemson,ACC,23.3,0.6,5.9,0,8,2,604104.05,4
P028,9,basketball,Clemson,ACC,16.1,0.8,6.9,0,9,2,742635.41,4
P028,10,basketball,Clemson,ACC,36.1,1.0,6.2,0,10,2,1008998.11,5
P029,1,football,Penn State,Big Ten,9.8,1.7,3.3,0,1,4,9772.2,1
P029,2,football,Penn State,Big Ten,16.5,1.6,3.7,0,2,4,21728.89,1
P029,3,football,Penn State,Big Ten,17.6,1.3,2.6,0,3,4,23835.53,1
P029,4,football,Penn State,Big Ten,13.4,1.1,3.3,0,4,4,38867.7,1
P029,5,football,Penn State,Big Ten,11.4,1.7,3.4,0,5,4,55550.57,2
P029,6,football,Penn State,Big Ten,16.8,1.0,3.3,0,6,4,56524.27,2
P029,7,football,Penn State,Big Ten,11.0,1.4,4.7,0,7,4,45821.19,1
P029,8,football,Penn State,Big Ten,19.2,1.7,2.6,0,8,4,84510.3,2
P029,9,football,Penn State,Big Ten,18.4,0.6,2.7,0,9,4,91137.19,2
P029,10,football,Penn State,Big Ten,24.3,1.1,2.4,0,10,4,135249.22,2
P030,1,basketball,Florida State,ACC,12.7,3.1,10.5,0,1,1,117652.14,2
P030,2,basketball,Florida State,ACC,13.2,4.0,8.1,0,2,1,182448.45,2
P030,3,basketball,Florida State,ACC,14.3,3.7,9.8,0,3,1,325291.29,3
P030,4,basketball,Florida State,ACC,15.0,4.8,8.2,1,3,1,234965.31,3
P030,5,basketball,Florida State,ACC,13.9,4.2,9.9,0,4,1,424493.08,3
P030,6,basketball,Florida State,ACC,19.6,4.8,9.1,0,5,1,839868.1,4
P030,7,basketball,Florida State,ACC,13.0,4.0,9.2,0,6,1,689959.68,4
P030,8,basketball,Florida State,ACC,9.0,4.0,9.9,0,7,1,944643.4,4
P030,9,basketball,Florida State,ACC,17.8,4.3,8.7,0,8,1,1297443.08,5
P030,10,basketball,Florida State,ACC,9.1,4.8,9.0,1,8,1,602745.32,4
P031,1,football,Oklahoma,SEC,20.5,1.0,1.8,0,1,2,64420.07,2
P031,2,football,Oklahoma,SEC,18.5,0.6,2.1,1,1,2,67812.73,2
P031,3,football,Oklahoma,SEC,20.9,0.9,1.6,0,2,2,153017.48,2
P031,4,football,Oklahoma,SEC,24.6,0.9,2.3,0,3,2,266402.15,3
P031,5,football,Oklahoma,SEC,23.9,1.5,0.0,0,4,2,280390.81,3
P031,6,football,Oklahoma,SEC,20.3,1.7,0.7,0,5,2,447056.06,3
P031,7,football,Oklahoma,SEC,29.5,0.6,0.8,0,6,2,590065.57,4
P031,8,football,Oklahoma,SEC,11.8,0.4,0.2,0,7,2,443974.62,3
P031,9,football,Oklahoma,SEC,21.8,0.0,0.0,0,8,2,499518.14,3
P031,10,football,Oklahoma,SEC,8.2,0.4,0.1,0,9,2,601823.56,4
P032,1,basketball,Tennessee,SEC,13.9,1.2,5.6,0,1,4,7647.89,1
P032,2,basketball,Tennessee,SEC,13.9,0.4,6.0,0,2,4,17236.98,1
P032,3,basketball,Tennessee,SEC,12.2,1.6,7.2,0,3,4,26217.44,1
P032,4,basketball,Tennessee,SEC,10.4,1.2,9.4,0,4,4,26370.46,1
P032,5,basketball,Tennessee,SEC,16.6,0.7,7.5,0,5,4,46610.33,1
P032,6,basketball,Tennessee,SEC,10.2,0.8,8.0,0,6,4,38903.6,1
P032,7,basketball,Tennessee,SEC,17.7,1.3,8.5,0,7,4,65915.73,2
P032,8,basketball,Tennessee,SEC,8.0,1.2,7.8,0,8,4,52723.24,2
P032,9,basketball,Tennessee,SEC,16.9,0.2,8.5,0,9,4,80294.43,2
P032,10,basketball,Tennessee,SEC,21.3,2.0,6.6,0,10,4,104615.44,2
P033,1,football,Notre Dame,Independent,21.3,1.3,0.7,0,1,2,96383.71,2
P033,2,football,Notre Dame,Independent,27.6,1.1,2.2,0,2,2,153877.56,2
P033,3,football,Notre Dame,Independent,26.0,1.4,2.6,0,3,2,256714.14,3
P033,4,football,Notre Dame,Independent,19.2,0.8,1.8,0,4,2,350884.52,3
P033,5,football,Notre Dame,Independent,26.8,1.4,2.5,1,4,2,268215.8,3
P033,6,football,Notre Dame,Independent,31.6,1.4,2.5,1,4,2,271341.68,3
P033,7,football,Notre Dame,Independent,15.0,1.5,2.5,0,5,2,400061.07,3
P033,8,football,Notre Dame,Independent,34.6,1.6,3.0,0,6,2,591431.65,4
P033,9,football,Notre Dame,Independent,28.0,1.1,4.1,0,7,2,659038.77,4
P033,10,football,Notre Dame,Independent,21.4,1.3,2.0,1,7,2,384765.92,3
P034,1,basketball,Miami,ACC,9.8,4.0,8.8,0,1,3,22340.47,1
P034,2,basketball,Miami,ACC,6.9,3.8,10.5,0,2,3,48992.07,1
P034,3,basketball,Miami,ACC,6.9,4.0,9.7,0,3,3,45819.57,1
P034,4,basketball,Miami,ACC,10.5,3.7,8.5,0,4,3,67932.53,2
P034,5,basketball,Miami,ACC,7.9,3.8,8.3,0,5,3,104472.43,2
P034,6,basketball,Miami,ACC,6.3,3.5,7.3,0,6,3,113939.7,2
P034,7,basketball,Miami,ACC,12.4,4.4,7.6,0,7,3,162322.3,2
P034,8,basketball,Miami,ACC,12.7,3.8,7.7,0,8,3,219525.76,3
P034,9,basketball,Miami,ACC,7.4,3.8,8.9,0,9,3,189385.36,2
P034,10,basketball,Miami,ACC,13.9,3.6,9.0,0,10,3,182497.98,2
P035,1,football,UCLA,Big Ten,11.9,2.0,1.4,0,1,2,80546.76,2
P035,2,football,UCLA,Big Ten,16.0,2.2,1.5,0,2,2,164614.12,2
P035,3,football,UCLA,Big Ten,10.1,1.6,0.0,1,2,2,86125.11,2
P035,4,football,UCLA,Big Ten,8.1,0.7,1.0,1,2,2,89643.29,2
P035,5,football,UCLA,Big Ten,16.4,1.7,0.7,0,3,2,198189.71,2
P035,6,football,UCLA,Big Ten,10.8,2.0,0.6,0,4,2,270222.18,3
P035,7,football,UCLA,Big Ten,11.5,1.6,0.0,0,5,2,273459.62,3
P035,8,football,UCLA,Big Ten,22.6,0.1,1.0,0,6,2,568043.07,4
P035,9,football,UCLA,Big Ten,6.2,2.0,1.7,0,7,2,438359.89,3
P035,10,football,UCLA,Big Ten,16.7,1.8,0.3,0,8,2,626521.31,4
P036,1,basketball,Washington,Big Ten,5.1,5.8,4.5,0,1,3,20617.94,1
P036,2,basketball,Washington,Big Ten,7.4,5.7,3.8,0,2,3,34096.4,1
P036,3,basketball,Washington,Big Ten,6.8,6.6,3.8,0,3,3,55705.49,2
P036,4,basketball,Washington,Big Ten,8.7,6.1,4.8,0,4,3,76126.66,2
P036,5,basketball,Washington,Big Ten,6.1,6.4,3.7,0,5,3,119972.22,2
P036,6,basketball,Washington,Big Ten,8.3,6.2,3.9,0,6,3,130452.76,2
P036,7,basketball,Washington,Big Ten,3.7,6.3,4.4,0,7,3,119101.44,2
P036,8,basketball,Washington,Big Ten,5.6,5.5,4.0,0,8,3,142480.46,2
P036,9,basketball,Washington,Big Ten,9.2,5.9,5.0,0,9,3,182070.45,2
P036,10,basketball,Washington,Big Ten,11.6,5.6,2.9,0,10,3,237419.56,3
P037,1,football,Duke,ACC,13.2,1.2,0.3,1,1,3,14810.88,1
P037,2,football,Duke,ACC,9.9,1.7,0.7,1,1,3,16360.8,1
P037,3,football,Duke,ACC,11.6,0.0,2.0,0,1,3,18867.42,1
P037,4,football,Duke,ACC,7.9,1.3,1.7,0,2,3,42672.24,1
P037,5,football,Duke,ACC,15.6,2.1,0.9,0,3,3,62429.53,2
P037,6,football,Duke,ACC,11.8,1.3,2.7,0,4,3,97547.52,2
P037,7,football,Duke,ACC,10.0,0.6,1.9,0,5,3,118540.89,2
P037,8,football,Duke,ACC,12.6,1.2,0.0,0,6,3,158512.74,2
P037,9,football,Duke,ACC,8.6,1.3,1.0,0,7,3,140808.72,2
P037,10,football,Duke,ACC,7.1,1.9,1.7,0,8,3,149156.84,2
P038,1,basketball,Kentucky,SEC,24.2,2.3,3.0,0,1,2,84895.79,2
P038,2,basketball,Kentucky,SEC,17.1,3.5,3.2,0,2,2,145465.08,2
P038,3,basketball,Kentucky,SEC,18.4,2.9,4.2,0,3,2,208726.66,3
P038,4,basketball,Kentucky,SEC,18.2,2.3,4.4,0,4,2,223039.67,3
P038,5,basketball,Kentucky,SEC,29.2,2.5,5.1,0,5,2,399728.59,3
P038,6,basketball,Kentucky,SEC,24.2,2.1,5.2,0,6,2,367438.4,3
P038,7,basketball,Kentucky,SEC,22.3,2.0,5.6,0,7,2,560961.34,4
P038,8,basketball,Kentucky,SEC,18.7,2.6,4.5,1,7,2,307045.57,3
P038,9,basketball,Kentucky,SEC,33.5,2.8,3.5,0,8,2,638691.58,4
P038,10,basketball,Kentucky,SEC,31.9,2.6,4.4,0,9,2,852584.81,4
P039,1,football,Kansas,Big 12,9.9,0.0,3.0,0,1,1,139893.14,2
P039,2,football,Kansas,Big 12,11.9,0.5,3.5,0,2,1,258578.65,3
P039,3,football,Kansas,Big 12,11.5,0.5,1.2,1,2,1,143317.95,2
P039,4,football,Kansas,Big 12,10.4,0.6,3.4,0,3,1,426664.86,3
P039,5,football,Kansas,Big 12,13.1,2.1,2.0,0,4,1,710311.51,4
P039,6,football,Kansas,Big 12,18.7,0.7,3.7,0,5,1,806484.84,4
P039,7,football,Kansas,Big 12,13.7,0.1,2.2,0,6,1,732838.7,4
P039,8,football,Kansas,Big 12,5.8,0.0,3.0,0,7,1,1003484.63,5
P039,9,football,Kansas,Big 12,13.0,1.2,1.8,0,8,1,1181777.26,5
P039,10,football,Kansas,Big 12,10.9,0.5,2.7,0,9,1,1426005.29,5
P040,1,basketball,Alabama,SEC,10.1,3.4,5.2,0,1,4,6701.34,1
P040,2,basketball,Alabama,SEC,12.4,2.3,3.9,0,2,4,18236.6,1
P040,3,basketball,Alabama,SEC,12.8,3.5,2.6,0,3,4,17059.04,1
P040,4,basketball,Alabama,SEC,9.4,3.0,4.8,0,4,4,20362.41,1
P040,5,basketball,Alabama,SEC,12.2,2.0,5.1,0,5,4,42403.19,1
P040,6,basketball,Alabama,SEC,11.9,4.3,5.0,0,6,4,49008.5,1
P040,7,basketball,Alabama,SEC,12.9,3.2,4.3,0,7,4,59422.06,2
P040,8,basketball,Alabama,SEC,16.9,2.5,3.8,0,8,4,83685.62,2
P040,9,basketball,Alabama,SEC,13.6,3.3,5.3,0,9,4,86279.05,2
P040,10,basketball,Alabama,SEC,9.5,2.6,5.0,0,10,4,50367.59,2
P041,1,football,Ohio State,Big Ten,6.8,0.9,3.1,0,1,4,5755.54,1
P041,2,football,Ohio State,Big Ten,8.1,1.8,3.3,0,2,4,18728.67,1
P041,3,football,Ohio State,Big Ten,3.6,1.3,1.8,0,3,4,23267.28,1
P041,4,football,Ohio State,Big Ten,4.4,1.7,1.5,0,4,4,34357.77,1
P041,5,football,Ohio State,Big Ten,7.2,1.1,1.9,0,5,4,41751.42,1
P041,6,football,Ohio State,Big Ten,2.9,1.1,4.4,1,5,4,28061.04,1
P041,7,football,Ohio State,Big Ten,8.4,1.1,2.5,0,6,4,60697.2,2
P041,8,football,Ohio State,Big Ten,6.3,2.0,4.4,0,7,4,50931.4,2
P041,9,football,Ohio State,Big Ten,6.9,1.1,2.4,0,8,4,46708.7,1
P041,10,football,Ohio State,Big Ten,2.8,1.3,2.0,0,9,4,69329.0,2
P042,1,basketball,Georgia,SEC,9.1,2.5,5.0,0,1,2,57910.82,2
P042,2,basketball,Georgia,SEC,9.1,1.9,8.0,0,2,2,94925.97,2
P042,3,basketball,Georgia,SEC,12.2,2.6,7.3,0,3,2,158151.76,2
P042,4,basketball,Georgia,SEC,12.5,2.2,6.9,0,4,2,249674.83,3
P042,5,basketball,Georgia,SEC,14.0,1.6,8.0,1,4,2,180812.5,2
P042,6,basketball,Georgia,SEC,11.1,2.0,7.4,0,5,2,315945.18,3
P042,7,basketball,Georgia,SEC,16.4,1.6,6.2,0,6,2,481904.15,3
P042,8,basketball,Georgia,SEC,10.8,1.2,8.1,0,7,2,340680.4,3
P042,9,basketball,Georgia,SEC,18.1,2.2,6.9,1,7,2,282588.34,3
P042,10,basketball,Georgia,SEC,6.8,1.6,6.2,0,8,2,437233.83,3
P043,1,football,Michigan,Big Ten,4.4,2.0,3.9,0,1,3,21963.72,1
P043,2,football,Michigan,Big Ten,7.7,2.2,2.3,0,2,3,48497.01,1
P043,3,football,Michigan,Big Ten,8.2,1.8,3.6,0,3,3,77525.02,2
P043,4,football,Michigan,Big Ten,7.7,1.6,4.2,0,4,3,103007.53,2
P043,5,football,Michigan,Big Ten,8.4,1.0,1.8,0,5,3,150366.32,2
P043,6,football,Michigan,Big Ten,5.4,1.7,4.0,0,6,3,115410.73,2
P043,7,football,Michigan,Big Ten,6.5,1.4,2.7,0,7,3,125287.37,2
P043,8,football,Michigan,Big Ten,6.5,1.4,1.7,0,8,3,187773.48,2
P043,9,football,Michigan,Big Ten,8.7,1.7,1.8,0,9,3,276503.48,3
P043,10,football,Michigan,Big Ten,8.4,1.9,0.3,0,10,3,293643.16,3
P044,1,basketball,USC,Big 12,15.5,2.0,10.6,0,1,3,23057.22,1
P044,2,basketball,USC,Big 12,18.5,1.5,11.0,0,2,3,39789.83,1
P044,3,basketball,USC,Big 12,13.3,2.0,12.2,0,3,3,51989.16,2
P044,4,basketball,USC,Big 12,12.0,1.3,10.2,0,4,3,93638.14,2
P044,5,basketball,USC,Big 12,14.5,1.9,9.9,0,5,3,97993.45,2
P044,6,basketball,USC,Big 12,26.1,3.0,8.9,0,6,3,196377.32,2
P044,7,basketball,USC,Big 12,17.6,2.0,9.1,0,7,3,211971.17,3
P044,8,basketball,USC,Big 12,18.8,2.0,9.5,0,8,3,163122.62,2
P044,9,basketball,USC,Big 12,23.0,1.7,9.2,0,9,3,208286.28,3
P044,10,basketball,USC,Big 12,18.6,1.9,13.1,0,10,3,282807.49,3
P045,1,football,Texas,SEC,6.3,1.6,0.0,0,1,2,59220.3,2
P045,2,football,Texas,SEC,4.6,1.0,1.5,0,2,2,136350.6,2
P045,3,football,Texas,SEC,5.7,1.9,2.1,1,2,2,91166.65,2
P045,4,football,Texas,SEC,4.5,2.0,1.1,0,3,2,223109.59,3
P045,5,football,Texas,SEC,3.7,1.1,0.4,1,3,2,109923.96,2
P045,6,football,Texas,SEC,2.6,1.9,2.9,0,4,2,157587.3,2
P045,7,football,Texas,SEC,4.0,2.5,1.9,1,4,2,184386.15,2
P045,8,football,Texas,SEC,9.3,1.8,2.4,0,5,2,333842.62,3
P045,9,football,Texas,SEC,5.9,2.2,0.9,0,6,2,442396.62,3
P045,10,football,Texas,SEC,8.8,1.5,1.9,0,7,2,496105.41,3
P046,1,basketball,Oregon,Big Ten,10.4,3.7,7.9,0,1,3,17734.75,1
P046,2,basketball,Oregon,Big Ten,8.7,4.5,8.0,0,2,3,44361.93,1
P046,3,basketball,Oregon,Big Ten,13.0,4.5,7.8,0,3,3,84752.33,2
P046,4,basketball,Oregon,Big Ten,7.4,3.6,9.5,0,4,3,82758.54,2
P046,5,basketball,Oregon,Big Ten,6.0,4.6,9.4,0,5,3,108681.46,2
P046,6,basketball,Oregon,Big Ten,7.8,3.8,7.9,1,5,3,59913.9,2
P046,7,basketball,Oregon,Big Ten,1.9,3.9,9.4,0,6,3,74077.22,2
P046,8,basketball,Oregon,Big Ten,12.5,3.9,8.6,0,7,3,200381.03,3
P046,9,basketball,Oregon,Big Ten,14.5,3.8,9.5,0,8,3,140675.04,2
P046,10,basketball,Oregon,Big Ten,6.9,4.4,7.9,1,8,3,99763.55,2
P047,1,football,LSU,SEC,20.3,0.9,3.0,0,1,3,38314.38,1
P047,2,football,LSU,SEC,23.0,0.7,2.0,0,2,3,64590.46,2
P047,3,football,LSU,SEC,17.6,0.3,2.7,0,3,3,81807.16,2
P047,4,football,LSU,SEC,19.7,0.9,2.8,0,4,3,93242.69,2
P047,5,football,LSU,SEC,21.2,1.2,2.5,0,5,3,161385.4,2
P047,6,football,LSU,SEC,22.0,1.1,3.3,0,6,3,157965.53,2
P047,7,football,LSU,SEC,19.7,0.8,1.6,0,7,3,261598.13,3
P047,8,football,LSU,SEC,17.6,1.4,2.8,0,8,3,281619.23,3
P047,9,football,LSU,SEC,28.2,2.2,0.9,0,9,3,288012.74,3
P047,10,football,LSU,SEC,30.0,1.5,3.5,0,10,3,281094.36,3
P048,1,basketball,Clemson,ACC,18.7,7.3,10.4,0,1,1,112793.81,2
P048,2,basketball,Clemson,ACC,22.5,6.8,11.0,0,2,1,288051.22,3
P048,3,basketball,Clemson,ACC,24.0,7.0,10.2,1,2,1,269275.4,3
P048,4,basketball,Clemson,ACC,22.8,6.7,10.5,0,3,1,342443.14,3
P048,5,basketball,Clemson,ACC,13.2,6.3,10.2,0,4,1,435648.93,3
P048,6,basketball,Clemson,ACC,16.7,6.9,9.9,0,5,1,490613.24,3
P048,7,basketball,Clemson,ACC,13.4,6.9,11.0,0,6,1,880272.93,4
P048,8,basketball,Clemson,ACC,14.4,6.7,11.3,0,7,1,689274.26,4
P048,9,basketball,Clemson,ACC,19.7,6.5,10.7,0,8,1,969960.37,4
P048,10,basketball,Clemson,ACC,21.3,6.7,11.6,1,8,1,767571.26,4
P049,1,football,Penn State,Big Ten,22.0,1.6,3.2,0,1,3,40015.36,1
P049,2,football,Penn State,Big Ten,21.9,1.1,0.6,0,2,3,65084.56,2
P049,3,football,Penn State,Big Ten,21.7,1.7,1.7,0,3,3,95069.35,2
P049,4,football,Penn State,Big Ten,28.0,1.0,1.7,0,4,3,119144.44,2
P049,5,football,Penn State,Big Ten,23.6,2.5,0.8,0,5,3,156368.82,2
P049,6,football,Penn State,Big Ten,27.7,1.3,0.9,0,6,3,190453.77,2
P049,7,football,Penn State,Big Ten,19.3,0.9,2.4,0,7,3,226205.2,3
P049,8,football,Penn State,Big Ten,15.8,1.8,1.5,0,8,3,176538.72,2
P049,9,football,Penn State,Big Ten,26.8,1.4,2.5,0,9,3,270408.69,3
P049,10,football,Penn State,Big Ten,33.5,0.7,1.1,1,9,3,305468.44,3
P050,1,basketball,Florida State,ACC,10.6,4.4,4.8,1,1,3,13153.44,1
P050,2,basketball,Florida State,ACC,8.7,3.8,2.6,0,1,3,16302.07,1
P050,3,basketball,Florida State,ACC,4.6,4.9,3.5,0,2,3,41918.77,1
P050,4,basketball,Florida State,ACC,7.8,4.1,5.0,0,3,3,73475.84,2
P050,5,basketball,Florida State,ACC,4.9,3.6,4.9,1,3,3,39633.53,1
P050,6,basketball,Florida State,ACC,8.3,4.1,4.8,0,4,3,59694.76,2
P050,7,basketball,Florida State,ACC,10.3,4.1,4.0,0,5,3,86002.34,2
P050,8,basketball,Florida State,ACC,7.6,4.6,4.3,0,6,3,100512.82,2
P050,9,basketball,Florida State,ACC,12.1,4.3,5.0,0,7,3,116430.47,2
P050,10,basketball,Florida State,ACC,4.7,4.6,4.1,0,8,3,106472.76,2
